cfbd_week,cfbd_game_id,commence_time,away_team,home_team,book_count,consensus_home_spread,consensus_away_spread,consensus_total,circa_home_spread,circa_away_spread,circa_total,BetMGM_home_spread,BetMGM_away_spread,BetMGM_total,BetOnline.ag_home_spread,BetOnline.ag_away_spread,BetOnline.ag_total,BetRivers_home_spread,BetRivers_away_spread,BetRivers_total,BetUS_home_spread,BetUS_away_spread,BetUS_total,Bovada_home_spread,Bovada_away_spread,Bovada_total,DraftKings_home_spread,DraftKings_away_spread,DraftKings_total,FanDuel_home_spread,FanDuel_away_spread,FanDuel_total,LowVig.ag_home_spread,LowVig.ag_away_spread,LowVig.ag_total,MyBookie.ag_home_spread,MyBookie.ag_away_spread,MyBookie.ag_total
1,401858437,2026-09-06T20:07:00Z,Washington State Cougars,Washington Huskies,4,-13.5,13.5,34.5,,,,-13.5,13.5,,,,,,,,,,,-13.5,13.5,34.5,-14.5,14.5,,-13.5,13.5,,,,,,,
1,401856661,2026-09-06T23:45:00Z,Louisville Cardinals,Ole Miss Rebels,7,-6.5,6.5,54.5,,,,-6.5,6.5,54.5,-6.5,6.5,54.5,,,,-6.5,6.5,54.5,-6.5,6.5,55.5,-6.5,6.5,55.5,-6.5,6.5,54.5,,,,-6.5,6.5,54.5
1,401858438,2026-09-06T23:48:00Z,Wisconsin Badgers,Notre Dame Fighting Irish,8,-21.0,21.0,46.0,,,,-21.0,21.0,46.5,-21.0,21.0,46.0,,,,-21.0,21.0,46.5,-21.5,21.5,46.0,-21.0,21.0,45.5,-21.5,21.5,45.5,-21.0,21.0,46.0,-20.5,20.5,46.5
1,401858212,2026-09-07T23:30:00Z,SMU Mustangs,Florida State Seminoles,9,3.0,-3.0,53.5,,,,3.0,-3.0,53.5,3.0,-3.0,53.5,3.0,-3.0,53.5,3.0,-3.0,53.0,3.0,-3.0,53.0,3.0,-3.0,52.5,2.5,-2.5,53.5,3.0,-3.0,53.5,3.0,-3.0,53.0
12,401858307,2026-11-22T00:30:00Z,SMU Mustangs,Notre Dame Fighting Irish,1,-17.5,17.5,56.5,,,,,,,,,,,,,,,,,,,-17.5,17.5,56.5,,,,,,,,,
2,401858213,2026-09-11T00:00:00Z,Florida A&M Rattlers,Miami Hurricanes,1,-53.5,53.5,60.5,,,,,,,,,,,,,,,,,,,,,,-53.5,53.5,60.5,,,,,,
2,401858222,2026-09-11T23:00:00Z,Richmond Spiders,NC State Wolfpack,1,-30.5,30.5,49.5,,,,,,,,,,,,,,,,,,,,,,-30.5,30.5,49.5,,,,,,
2,401858220,2026-09-11T23:00:00Z,Norfolk State Spartans,Virginia Cavaliers,1,-43.5,43.5,54.5,,,,,,,,,,,,,,,,,,,,,,-43.5,43.5,54.5,,,,,,
2,401858215,2026-09-11T23:00:00Z,Villanova Wildcats,Louisville Cardinals,1,-36.5,36.5,56.5,,,,,,,,,,,,,,,,,,,,,,-36.5,36.5,56.5,,,,,,
2,401858214,2026-09-11T23:30:00Z,Rutgers Scarlet Knights,Boston College Eagles,8,-3.5,3.5,54.5,-4,4,56,-3.5,3.5,54.5,-3.5,3.5,54.0,-3.5,3.5,54.5,-3.5,3.5,54.5,,,,-3.5,3.5,54.5,-3.5,3.5,54.5,-3.5,3.5,54.0,-3.5,3.5,54.5
2,401864504,2026-09-12T00:00:00Z,Cal Poly Mustangs,San Jose State Spartans,1,-20.5,20.5,57.5,,,,,,,,,,,,,,,,,,,,,,-20.5,20.5,57.5,,,,,,
2,401856678,2026-09-12T00:00:00Z,Missouri Tigers,Kansas Jayhawks,7,6.5,-6.5,50.5,-6.5,6.5,51,6.0,-6.0,50.5,6.5,-6.5,49.5,6.5,-6.5,51.0,6.5,-6.5,51.0,,,,6.0,-6.0,50.5,6.5,-6.5,50.5,6.5,-6.5,49.5,,,
2,401864571,2026-09-12T16:00:00Z,Appalachian State Mountaineers,East Carolina Pirates,9,-8.5,8.5,56.5,-8.5,8.5,55,-8.5,8.5,56.5,-9.0,9.0,56.5,-8.0,8.0,56.0,-9.0,9.0,56.5,-8.0,8.0,56.5,-8.5,8.5,56.5,-8.5,8.5,56.5,-9.0,9.0,56.5,-8.5,8.5,56.5
2,401856683,2026-09-12T16:00:00Z,Arizona State Sun Devils,Texas A&M Aggies,9,-14.5,14.5,51.5,-14,14,51.5,-14.0,14.0,51.5,-14.5,14.5,51.5,-14.5,14.5,51.5,-14.5,14.5,51.5,-14.0,14.0,51.5,-14.0,14.0,51.5,-14.5,14.5,52.5,-14.5,14.5,51.5,-15.0,15.0,52.0
2,401856670,2026-09-12T16:00:00Z,Arkansas Razorbacks,Utah Utes,7,-12.5,12.5,57.5,-12,12,56,-11.5,11.5,57.5,-12.5,12.5,57.5,-11.0,11.0,56.5,-12.5,12.5,57.5,-13.0,13.0,57.0,-12.5,12.5,57.5,-11.5,11.5,56.5,,,,,,
2,401862702,2026-09-12T16:00:00Z,South Florida Bulls,Army Black Knights,8,-3.5,3.5,49.5,-3.5,3.5,49.5,-3.5,3.5,49.5,-3.5,3.5,48.5,-3.5,3.5,49.5,-3.5,3.5,49.5,-3.5,3.5,49.5,-3.5,3.5,49.5,-3.5,3.5,49.5,-3.5,3.5,48.5,,,49.5
2,401858218,2026-09-12T16:00:00Z,East Tennessee State Buccaneers,North Carolina Tar Heels,1,-35.5,35.5,51.5,,,,,,,,,,,,,,,,,,,,,,-35.5,35.5,51.5,,,,,,
2,401856679,2026-09-12T16:00:00Z,Oklahoma Sooners,Michigan Wolverines,8,6.25,-6.25,43.5,-5.5,5.5,43,6.5,-6.5,43.5,6.0,-6.0,43.5,6.5,-6.5,43.5,6.0,-6.0,43.5,6.5,-6.5,43.0,6.0,-6.0,43.5,6.5,-6.5,43.5,6.0,-6.0,43.5,,,43.5
2,401856782,2026-09-12T16:00:00Z,Oregon Ducks,Oklahoma State Cowboys,9,22.5,-22.5,57.5,-22,22,58,22.5,-22.5,57.5,22.5,-22.5,58.0,22.0,-22.0,57.5,22.5,-22.5,58.0,22.5,-22.5,57.5,22.5,-22.5,57.5,22.5,-22.5,57.5,22.5,-22.5,58.0,22.5,-22.5,58.5
2,401858221,2026-09-12T16:00:00Z,Old Dominion Monarchs,Virginia Tech Hokies,8,-18.0,18.0,50.5,-18.5,18.5,51.5,-18.0,18.0,50.5,-18.0,18.0,51.0,-17.5,17.5,50.5,-18.0,18.0,50.5,-18.5,18.5,51.0,-18.5,18.5,50.5,-17.5,17.5,50.5,-18.0,18.0,51.0,,,50.5
2,401858442,2026-09-12T16:00:00Z,Penn State Nittany Lions,Temple Owls,9,23.5,-23.5,49.5,-24.5,24.5,51,23.5,-23.5,49.5,23.5,-23.5,49.5,23.5,-23.5,50.5,23.5,-23.5,49.5,23.5,-23.5,49.5,23.5,-23.5,49.5,23.5,-23.5,49.5,23.5,-23.5,49.5,23.0,-23.0,49.5
2,401858224,2026-09-12T16:00:00Z,Wake Forest Demon Deacons,Purdue Boilermakers,9,4.5,-4.5,49.5,-5,5,49.5,4.5,-4.5,49.5,4.5,-4.5,50.0,4.5,-4.5,49.5,4.5,-4.5,49.5,4.5,-4.5,50.0,4.5,-4.5,50.5,4.5,-4.5,49.5,4.5,-4.5,50.0,4.5,-4.5,49.5
2,401858439,2026-09-12T16:00:00Z,Howard Bison,Indiana Hoosiers,1,-55.5,55.5,64.5,,,,,,,,,,,,,,,,,,,,,,-55.5,55.5,64.5,,,,,,
2,401856781,2026-09-12T16:00:00Z,Washington State Cougars,Kansas State Wildcats,7,-17.5,17.5,49.5,,,,-17.5,17.5,49.5,-17.5,17.5,49.5,-18.0,18.0,50.0,-17.5,17.5,49.5,,,,-17.5,17.5,49.5,-17.5,17.5,50.5,-17.5,17.5,49.5,,,50.0
2,401866416,2026-09-12T16:00:00Z,Wofford Terriers,Kent State Golden Flashes,2,-14.5,14.5,46.5,,,,,,,,,,-14.5,14.5,46.5,,,,,,,,,,-14.5,14.5,46.5,,,,,,
2,401856673,2026-09-12T16:45:00Z,Western Kentucky Hilltoppers,Georgia Bulldogs,7,-40.0,40.0,54.0,-38,38,52.5,-40.5,40.5,54.5,-40.0,40.0,54.0,-39.0,39.0,54.0,-40.0,40.0,54.0,-39.5,39.5,54.0,-40.5,40.5,54.5,,,,-40.0,40.0,54.0,,,
2,401866415,2026-09-12T17:00:00Z,Colgate Raiders,Central Michigan Chippewas,2,-26.5,26.5,50.5,,,,,,,,,,-26.5,26.5,50.5,,,,,,,,,,-26.5,26.5,50.5,,,,,,
2,401866417,2026-09-12T17:00:00Z,Holy Cross Crusaders,Miami (OH) RedHawks,2,-33.25,33.25,51.5,,,,,,,,,,-33.0,33.0,51.5,,,,,,,,,,-33.5,33.5,51.5,,,,,,
2,401866413,2026-09-12T18:00:00Z,Stony Brook Seawolves,Ball State Cardinals,2,-16.0,16.0,56.5,,,,,,,,,,,,,,,,,,,,,,-15.5,15.5,56.5,,,,-16.5,16.5,56.5
2,401856674,2026-09-12T19:30:00Z,Alabama Crimson Tide,Kentucky Wildcats,9,10.5,-10.5,48.5,-10,10,48.5,10.0,-10.0,48.5,10.0,-10.0,49.5,10.5,-10.5,49.0,10.5,-10.5,48.5,10.5,-10.5,49.0,10.0,-10.0,48.5,10.5,-10.5,48.5,10.0,-10.0,49.5,11.0,-11.0,48.5
2,401856810,2026-09-12T19:30:00Z,Arizona Wildcats,BYU Cougars,9,-7.5,7.5,50.5,-8.5,8.5,51.5,-7.5,7.5,50.5,-7.5,7.5,50.5,-7.5,7.5,50.5,-7.5,7.5,50.0,-7.5,7.5,50.5,-7.5,7.5,50.5,-7.5,7.5,50.5,-7.5,7.5,50.5,-8.0,8.0,50.5
2,401858216,2026-09-12T19:30:00Z,California Golden Bears,Syracuse Orange,9,-3.0,3.0,56.5,0,0,54.5,-3.0,3.0,56.5,-3.0,3.0,57.0,-3.0,3.0,56.5,-3.0,3.0,56.0,-3.0,3.0,56.0,-3.0,3.0,56.5,-3.5,3.5,56.5,-3.0,3.0,57.0,-3.5,3.5,56.5
2,401858217,2026-09-12T19:30:00Z,Duke Blue Devils,Illinois Fighting Illini,9,-6.5,6.5,53.5,-6,6,53.5,-6.5,6.5,53.5,-6.5,6.5,53.0,-7.0,7.0,54.0,-6.5,6.5,53.5,-6.0,6.0,53.5,-6.5,6.5,53.5,-6.5,6.5,53.5,-6.5,6.5,53.0,-6.5,6.5,53.5
2,401858440,2026-09-12T19:30:00Z,Eastern Michigan Eagles,Michigan State Spartans,9,-17.5,17.5,50.5,-18,18,51,-17.5,17.5,50.5,-17.5,17.5,51.0,-17.5,17.5,50.0,-17.5,17.5,51.0,-17.0,17.0,51.0,-17.5,17.5,50.5,-17.5,17.5,50.5,-17.5,17.5,51.0,-17.5,17.5,50.5
2,401858444,2026-09-12T19:30:00Z,Maryland Terrapins,UConn Huskies,9,13.0,-13.0,53.5,-14,14,53.5,13.0,-13.0,53.5,13.0,-13.0,53.5,13.5,-13.5,53.5,13.0,-13.0,53.5,12.5,-12.5,53.5,12.5,-12.5,53.5,12.5,-12.5,53.5,13.0,-13.0,53.5,12.5,-12.5,53.5
2,401856677,2026-09-12T19:30:00Z,Mississippi State Bulldogs,Minnesota Golden Gophers,9,1.5,-1.5,55.5,-1.5,1.5,56,1.0,-1.0,55.5,1.5,-1.5,55.5,1.5,-1.5,55.5,1.5,-1.5,56.0,1.0,-1.0,55.5,1.5,-1.5,55.5,1.5,-1.5,55.5,1.5,-1.5,55.5,1.5,-1.5,55.5
2,401856790,2026-09-12T19:30:00Z,UCF Knights,Pittsburgh Panthers,9,-7.5,7.5,57.5,-8.5,8.5,58,-7.5,7.5,57.5,-7.5,7.5,57.5,-7.5,7.5,57.0,-7.5,7.5,58.0,-7.5,7.5,57.0,-7.5,7.5,57.5,-7.5,7.5,57.5,-7.5,7.5,57.5,-8.5,8.5,57.5
2,401860884,2026-09-12T19:30:00Z,UTSA Roadrunners,Texas State Bobcats,9,1.0,-1.0,64.5,-1,1,64.5,1.0,-1.0,64.5,1.0,-1.0,64.5,1.0,-1.0,64.5,1.0,-1.0,64.5,1.0,-1.0,64.5,1.5,-1.5,64.5,1.5,-1.5,64.5,1.0,-1.0,64.5,-0.5,0.5,64.5
2,401862708,2026-09-12T19:30:00Z,UL Monroe Warhawks,UAB Blazers,9,-10.5,10.5,56.0,-10,10,56,-10.5,10.5,55.5,-10.5,10.5,56.0,-11.0,11.0,56.5,-11.0,11.0,56.0,-10.5,10.5,56.0,-10.5,10.5,56.5,-11.5,11.5,55.5,-10.5,10.5,56.0,-10.5,10.5,56.5
2,401866412,2026-09-12T19:30:00Z,Robert Morris Colonials,Akron Zips,1,-28.5,28.5,43.5,,,,,,,,,,,,,,,,,,,,,,-28.5,28.5,43.5,,,,,,
2,401866419,2026-09-12T19:30:00Z,Central Connecticut Blue Devils,Toledo Rockets,2,-35.5,35.5,56.5,,,,,,,,,,-35.5,35.5,56.5,,,,,,,,,,-35.5,35.5,56.5,,,,,,
2,401856785,2026-09-12T19:30:00Z,Weber State Wildcats,Colorado Buffaloes,2,-34.25,34.25,52.5,,,,,,,,,,-34.0,34.0,52.5,,,,,,,,,,-34.5,34.5,52.5,,,,,,
2,401867929,2026-09-12T19:30:00Z,Wagner Seahawks,James Madison Dukes,1,-45.5,45.5,54.5,,,,,,,,,,,,,,,,,,,,,,-45.5,45.5,54.5,,,,,,
2,401859184,2026-09-12T19:30:00Z,Rice Owls,Notre Dame Fighting Irish,7,-44.5,44.5,54.5,,,,-44.5,44.5,54.5,-44.5,44.5,54.5,-44.5,44.5,54.5,-44.5,44.5,54.5,,,,-44.5,44.5,54.5,-42.5,42.5,54.5,-44.5,44.5,54.5,,,
2,401858446,2026-09-12T19:30:00Z,Utah State Aggies,Washington Huskies,7,-26.5,26.5,55.5,,,,-26.5,26.5,55.5,-26.5,26.5,56.0,-26.0,26.0,55.5,-26.5,26.5,56.0,,,,-26.5,26.5,55.5,-25.5,25.5,55.5,-26.5,26.5,56.0,,,
2,401862705,2026-09-12T19:45:00Z,UNLV Rebels,North Texas Mean Green,9,5.0,-5.0,57.5,-5,5,58,5.0,-5.0,57.5,5.0,-5.0,57.0,5.0,-5.0,57.5,5.0,-5.0,57.0,4.5,-4.5,57.0,4.5,-4.5,57.5,4.5,-4.5,57.5,5.0,-5.0,57.0,4.5,-4.5,57.5
2,401868326,2026-09-12T20:00:00Z,Alabama State Hornets,Troy Trojans,2,-22.5,22.5,52.5,,,,,,,,,,-22.5,22.5,52.5,,,,,,,,,,-22.5,22.5,52.5,,,,,,
2,401865252,2026-09-12T20:00:00Z,Mercyhurst Lakers,New Mexico Lobos,1,-41.5,41.5,52.5,,,,,,,,,,,,,,,,,,,,,,-41.5,41.5,52.5,,,,,,
2,401864506,2026-09-12T20:00:00Z,Northern Colorado Bears,Wyoming Cowboys,2,-23.5,23.5,49.5,,,,,,,,,,-23.5,23.5,49.5,,,,,,,,,,-23.5,23.5,49.5,,,,,,
2,401856684,2026-09-12T20:15:00Z,Delaware Blue Hens,Vanderbilt Commodores,9,-20.5,20.5,53.5,-20,20,53.5,-20.5,20.5,53.5,-20.5,20.5,53.5,-21.0,21.0,53.5,-20.5,20.5,53.5,-21.0,21.0,53.5,-20.5,20.5,53.5,-20.5,20.5,53.5,-20.5,20.5,53.5,-20.5,20.5,53.5
2,401856672,2026-09-12T21:30:00Z,Campbell Fighting Camels,Florida Gators,2,-49.25,49.25,66.5,,,,,,,,,,-49.0,49.0,66.5,,,,,,,,,,-49.5,49.5,66.5,,,,,,
2,401860881,2026-09-12T22:00:00Z,Memphis Tigers,Boise State Broncos,9,-8.0,8.0,55.5,-8.5,8.5,55,-8.0,8.0,55.5,-8.0,8.0,55.5,-8.0,8.0,54.5,-8.0,8.0,55.0,-7.5,7.5,55.5,-7.5,7.5,55.5,-8.5,8.5,55.5,-8.0,8.0,55.5,-8.0,8.0,55.5
2,401866414,2026-09-12T22:00:00Z,Buffalo Bulls,Florida International Panthers,9,-10.5,10.5,49.5,-10,10,51.5,-10.0,10.0,49.5,-10.5,10.5,49.0,-10.5,10.5,49.5,-10.5,10.5,49.5,-10.0,10.0,49.5,-10.5,10.5,49.5,-9.5,9.5,48.5,-10.5,10.5,49.0,-10.5,10.5,49.5
2,401866418,2026-09-12T22:00:00Z,Jacksonville State Gamecocks,Ohio Bobcats,9,-2.0,2.0,51.5,-2,2,51.5,-2.5,2.5,51.5,-2.5,2.5,51.5,-2.0,2.0,51.5,-2.0,2.0,51.5,-2.0,2.0,51.5,-2.5,2.5,51.5,-1.5,1.5,50.5,-2.5,2.5,51.5,-1.5,1.5,51.5
2,401868187,2026-09-12T22:00:00Z,Gardner-Webb Runnin Bulldogs,Liberty Flames,2,-27.5,27.5,54.75,,,,,,,,,,-27.5,27.5,55.0,,,,,,,,,,-27.5,27.5,54.5,,,,,,
2,401866421,2026-09-12T22:30:00Z,Monmouth Hawks,Western Michigan Broncos,2,-27.5,27.5,53.5,,,,,,,,,,-27.5,27.5,53.5,,,,,,,,,,-27.5,27.5,53.5,,,,,,
2,401858441,2026-09-12T23:00:00Z,Bowling Green Falcons,Nebraska Cornhuskers,9,-28.5,28.5,52.0,-28,28,52,-28.5,28.5,51.5,-28.5,28.5,51.5,-28.5,28.5,52.5,-28.5,28.5,52.0,-29.0,29.0,52.0,-28.5,28.5,51.5,-28.5,28.5,52.5,-28.5,28.5,51.5,-28.5,28.5,52.5
2,401869955,2026-09-12T23:00:00Z,Georgia State Panthers,Kennesaw State Owls,8,-9.5,9.5,51.0,-9,9,50,-9.5,9.5,51.5,-9.5,9.5,51.0,-9.5,9.5,50.5,-9.5,9.5,51.0,-9.0,9.0,51.0,-8.5,8.5,50.5,,,,-9.5,9.5,51.0,-9.5,9.5,51.0
2,401856681,2026-09-12T23:00:00Z,Tennessee Volunteers,Georgia Tech Yellow Jackets,9,13.5,-13.5,55.5,-13.5,13.5,54.5,13.0,-13.0,55.5,13.0,-13.0,55.5,13.5,-13.5,55.5,13.0,-13.0,55.0,13.5,-13.5,55.0,13.5,-13.5,55.5,13.5,-13.5,54.5,13.0,-13.0,55.5,13.5,-13.5,55.5
2,401871045,2026-09-12T23:00:00Z,Middle Tennessee Blue Raiders,Marshall Thundering Herd,8,-14.75,14.75,57.5,-16.5,16.5,57.5,-14.5,14.5,57.5,-15.0,15.0,57.5,-15.5,15.5,57.5,-15.0,15.0,57.5,-14.0,14.0,57.5,-14.5,14.5,57.5,,,,-15.0,15.0,57.5,-14.5,14.5,57.5
2,401862707,2026-09-12T23:00:00Z,Tulsa Golden Hurricane,Sam Houston State Bearkats,9,14.0,-14.0,52.0,-13.5,13.5,52,13.5,-13.5,51.5,14.0,-14.0,52.5,14.5,-14.5,52.5,14.0,-14.0,52.0,13.5,-13.5,52.0,13.5,-13.5,52.5,13.5,-13.5,51.5,14.0,-14.0,52.5,14.5,-14.5,51.5
2,401864575,2026-09-12T23:00:00Z,South Alabama Jaguars,Tulane Green Wave,9,-10.5,10.5,50.5,-11,11,51.5,-10.5,10.5,50.5,-10.5,10.5,50.5,-10.5,10.5,51.5,-10.5,10.5,51.0,-10.0,10.0,50.5,-10.5,10.5,50.5,-10.5,10.5,50.5,-10.5,10.5,50.5,-10.5,10.5,50.5
2,401856786,2026-09-12T23:00:00Z,Western Carolina Catamounts,Cincinnati Bearcats,2,-36.5,36.5,60.5,,,,,,,,,,-36.5,36.5,60.5,,,,,,,,,,-36.5,36.5,60.5,,,,,,
2,401860882,2026-09-12T23:00:00Z,Southern Utah Thunderbirds,Colorado State Rams,1,-20.5,20.5,57.5,,,,,,,,,,,,,,,,,,,,,,-20.5,20.5,57.5,,,,,,
2,401856787,2026-09-12T23:00:00Z,Southern University Jaguars,Houston Cougars,1,-50.5,50.5,60.5,,,,,,,,,,,,,,,,,,,,,,-50.5,50.5,60.5,,,,,,
2,401856680,2026-09-12T23:00:00Z,Towson Tigers,South Carolina Gamecocks,1,-42.5,42.5,55.5,,,,,,,,,,,,,,,,,,,,,,-42.5,42.5,55.5,,,,,,
2,401858443,2026-09-12T23:15:00Z,San Diego State Aztecs,UCLA Bruins,9,-11.0,11.0,53.0,-10,10,51.5,-11.0,11.0,53.5,-11.0,11.0,53.0,-11.0,11.0,52.0,-11.0,11.0,53.0,-11.5,11.5,53.0,-11.5,11.5,52.5,-10.5,10.5,53.5,-11.0,11.0,53.0,-12.5,12.5,52.5
2,401858219,2026-09-12T23:30:00Z,Georgia Southern Eagles,Clemson Tigers,8,-21.0,21.0,56.5,-23.5,23.5,56.5,-21.0,21.0,56.5,-21.0,21.0,56.5,-22.0,22.0,56.5,-21.0,21.0,56.5,-21.0,21.0,56.5,-21.0,21.0,56.5,,,,-21.0,21.0,56.5,-21.5,21.5,56.5
2,401862703,2026-09-12T23:30:00Z,Navy Midshipmen,Florida Atlantic Owls,8,6.0,-6.0,58.75,-7,7,57.5,5.5,-5.5,59.5,6.0,-6.0,58.5,6.0,-6.0,59.0,6.0,-6.0,58.5,5.5,-5.5,59.0,5.5,-5.5,58.5,,,,6.0,-6.0,58.5,6.0,-6.0,59.0
2,401856788,2026-09-12T23:30:00Z,Iowa State Cyclones,Iowa Hawkeyes,9,-14.0,14.0,41.0,-14.5,14.5,41,-14.0,14.0,41.5,-14.0,14.0,41.0,-14.5,14.5,41.5,-14.0,14.0,41.0,-14.0,14.0,41.0,-14.0,14.0,41.5,-14.5,14.5,40.5,-14.0,14.0,41.0,-14.5,14.5,41.5
2,401867796,2026-09-12T23:30:00Z,Louisiana Tech Bulldogs,LSU Tigers,8,-32.5,32.5,55.5,-32.5,32.5,55,-32.5,32.5,55.5,-32.5,32.5,55.5,-32.5,32.5,55.5,-32.5,32.5,55.5,-33.5,33.5,55.5,-32.5,32.5,55.5,,,,-32.5,32.5,55.5,-32.5,32.5,55.5
2,401856682,2026-09-12T23:30:00Z,Ohio State Buckeyes,Texas Longhorns,8,-1.0,1.0,48.5,-2,2,48,-1.5,1.5,48.5,-1.0,1.0,48.5,-0.5,0.5,47.5,-1.0,1.0,48.5,-1.0,1.0,48.5,-1.5,1.5,47.5,-1.5,1.5,47.5,-1.0,1.0,48.5,,,
2,401856783,2026-09-12T23:30:00Z,Texas Tech Red Raiders,Oregon State Beavers,9,26.5,-26.5,51.0,-27.5,27.5,51.5,26.0,-26.0,51.5,26.5,-26.5,51.0,25.5,-25.5,51.0,26.5,-26.5,51.0,26.5,-26.5,51.5,25.5,-25.5,50.5,26.5,-26.5,50.5,26.5,-26.5,51.0,26.5,-26.5,50.5
2,401868008,2026-09-12T23:30:00Z,Fordham Rams,Coastal Carolina Chanticleers,1,-31.5,31.5,53.5,,,,,,,,,,,,,,,,,,,,,,-31.5,31.5,53.5,,,,,,
2,401856671,2026-09-12T23:45:00Z,Southern Mississippi Golden Eagles,Auburn Tigers,8,-29.5,29.5,52.5,-28.5,28.5,52,-29.0,29.0,52.5,-29.5,29.5,52.5,-29.0,29.0,52.0,-29.5,29.5,52.5,-30.0,30.0,52.0,-29.5,29.5,52.5,,,,-29.5,29.5,52.5,-30.0,30.0,52.5
2,401856676,2026-09-12T23:45:00Z,Charlotte 49ers,Ole Miss Rebels,2,-47.5,47.5,61.5,,,,,,,-47.5,47.5,61.5,,,,,,,,,,-47.5,47.5,61.5,,,,,,,,,
2,401856784,2026-09-13T00:00:00Z,Prairie View A&M Panthers,Baylor Bears,1,-38.5,38.5,54.5,,,,,,,,,,,,,,,,,,,,,,-38.5,38.5,54.5,,,,,,
2,401856789,2026-09-13T00:00:00Z,Grambling State Tigers,TCU Horned Frogs,1,-44.5,44.5,54.5,,,,,,,,,,,,,,,,,,,,,,-44.5,44.5,54.5,,,,,,
2,401864505,2026-09-13T01:00:00Z,Texas Southern Tigers,UTEP Miners,1,-27.5,27.5,53.5,,,,,,,,,,,,,,,,,,,,,,-27.5,27.5,53.5,,,,,,
2,401864502,2026-09-13T02:00:00Z,North Dakota State Bison,Air Force Falcons,7,5.5,-5.5,47.5,-5.5,5.5,49,,,,5.5,-5.5,47.5,5.5,-5.5,47.5,5.5,-5.5,47.5,4.5,-4.5,47.5,5.5,-5.5,47.5,,,,5.5,-5.5,47.5,5.5,-5.5,47.5
2,401860883,2026-09-13T02:30:00Z,Sacramento State Hornets,Fresno State Bulldogs,8,-18.5,18.5,46.0,-19,19,48,-18.5,18.5,45.5,-18.5,18.5,46.0,-19.0,19.0,46.5,-18.5,18.5,46.0,-18.0,18.0,46.0,-18.5,18.5,46.5,,,,-18.5,18.5,46.0,-19.0,19.0,47.0
2,401864500,2026-09-13T02:30:00Z,Montana State Bobcats,Nevada Wolf Pack,2,5.5,-5.5,50.5,,,,,,,,,,5.5,-5.5,50.5,,,,,,,,,,5.5,-5.5,50.5,,,,,,
2,401858445,2026-09-13T03:00:00Z,Louisiana Ragin Cajuns,USC Trojans,8,-30.25,30.25,60.0,-30,30,60.5,-28.5,28.5,58.5,-30.0,30.0,60.0,-31.5,31.5,60.0,-30.0,30.0,60.5,-31.0,31.0,60.0,-30.5,30.5,60.5,,,,-30.0,30.0,60.0,-31.5,31.5,60.5
2,401864578,2026-09-13T04:00:00Z,New Mexico State Aggies,Hawaii Rainbow Warriors,8,-10.0,10.0,50.5,-10,10,50,-10.0,10.0,50.5,-10.0,10.0,50.5,-10.0,10.0,50.5,-10.0,10.0,51.0,-10.0,10.0,50.5,-9.5,9.5,50.5,,,,-10.0,10.0,50.5,-9.5,9.5,50.5
3,401858225,2026-09-17T23:30:00Z,Syracuse Orange,Pittsburgh Panthers,9,-11.0,11.0,51.0,-10,10,53.5,-11.0,11.0,51.5,-11.0,11.0,51.0,-10.5,10.5,51.0,-11.0,11.0,51.0,-11.5,11.5,51.0,-10.5,10.5,51.5,-10.5,10.5,51.5,-11.0,11.0,51.0,-11.0,11.0,51.5
3,401858226,2026-09-18T23:30:00Z,Miami Hurricanes,Wake Forest Demon Deacons,9,22.0,-22.0,55.5,22.5,-22.5,55,22.0,-22.0,55.5,22.0,-22.0,55.0,22.5,-22.5,55.5,22.0,-22.0,55.0,21.0,-21.0,55.0,22.5,-22.5,55.5,22.5,-22.5,55.5,22.0,-22.0,55.0,22.5,-22.5,55.5
3,401856811,2026-09-19T00:00:00Z,Houston Cougars,Texas Tech Red Raiders,9,-8.5,8.5,53.0,-10,10,53,-8.0,8.0,53.5,-8.5,8.5,53.0,-8.5,8.5,52.5,-8.5,8.5,53.0,-7.0,7.0,53.0,-8.5,8.5,53.5,-8.5,8.5,52.5,-8.5,8.5,53.0,-8.5,8.5,
3,401869940,2026-09-19T15:30:00Z,Coastal Carolina Chanticleers,Delaware Blue Hens,9,-5.0,5.0,57.5,-6,6,58.5,-5.0,5.0,57.5,-5.0,5.0,57.5,-5.5,5.5,57.5,-5.0,5.0,57.0,-5.0,5.0,57.5,-5.5,5.5,57.5,-5.5,5.5,57.5,-5.0,5.0,57.5,-5.5,5.5,57.5
3,401858451,2026-09-19T16:00:00Z,Akron Zips,Minnesota Golden Gophers,9,-24.5,24.5,49.0,-27,27,49,-24.5,24.5,49.5,-24.5,24.5,49.0,-25.5,25.5,48.5,-24.5,24.5,49.0,-24.0,24.0,49.0,-24.5,24.5,48.5,-24.5,24.5,49.5,-24.5,24.5,49.0,-24.5,24.5,49.0
3,401856812,2026-09-19T16:00:00Z,Kansas Jayhawks,Arizona State Sun Devils,9,-5.5,5.5,52.5,-4.5,4.5,55,-5.5,5.5,53.5,-5.0,5.0,52.0,-6.5,6.5,53.0,-5.0,5.0,52.0,-5.5,5.5,53.0,-5.5,5.5,52.5,-5.5,5.5,52.5,-5.0,5.0,52.0,-5.5,5.5,53.0
3,401856686,2026-09-19T16:00:00Z,Georgia Bulldogs,Arkansas Razorbacks,9,24.5,-24.5,54.5,26,-26,53,24.5,-24.5,54.5,26.0,-26.0,55.0,25.0,-25.0,54.0,26.0,-26.0,55.0,24.5,-24.5,54.0,24.5,-24.5,54.5,24.5,-24.5,54.5,26.0,-26.0,55.0,24.5,-24.5,54.5
3,401856798,2026-09-19T16:00:00Z,Bowling Green Falcons,Iowa State Cyclones,9,-23.5,23.5,45.5,-23.5,23.5,46,-23.5,23.5,45.5,-23.5,23.5,45.0,-23.0,23.0,45.5,-23.5,23.5,45.0,-24.0,24.0,46.0,-23.5,23.5,45.5,-23.5,23.5,45.5,-23.5,23.5,45.0,-24.0,24.0,45.5
3,401858456,2026-09-19T16:00:00Z,Buffalo Bulls,Penn State Nittany Lions,8,-38.5,38.5,47.5,-38,38,48,-39.5,39.5,47.5,-38.5,38.5,47.5,-39.5,39.5,47.5,-38.0,38.0,47.0,-38.5,38.5,47.5,-38.5,38.5,47.5,-39.5,39.5,47.5,-38.5,38.5,47.5,,,
3,401858229,2026-09-19T16:00:00Z,North Carolina Tar Heels,Clemson Tigers,8,-3.25,3.25,44.5,-3.5,3.5,44.5,-3.5,3.5,44.5,-3.0,3.0,45.0,-3.5,3.5,45.0,,,,-3.0,3.0,44.0,-3.0,3.0,44.5,-3.5,3.5,44.5,-3.0,3.0,45.0,-3.5,3.5,44.5
3,401856792,2026-09-19T16:00:00Z,Tulane Green Wave,Kansas State Wildcats,9,-20.0,20.0,49.5,-19,19,49.5,-20.0,20.0,49.5,-19.5,19.5,49.5,-20.5,20.5,49.5,-19.5,19.5,49.5,-20.5,20.5,49.5,-20.5,20.5,49.5,-20.5,20.5,49.5,-19.5,19.5,49.5,-20.0,20.0,49.5
3,401858454,2026-09-19T16:00:00Z,Kent State Golden Flashes,Ohio State Buckeyes,6,-52.5,52.5,58.5,-51.5,51.5,58,,,57.5,-52.5,52.5,59.5,-52.5,52.5,58.5,-53.0,53.0,58.5,,,,-52.5,52.5,58.5,-52.5,52.5,57.5,-52.5,52.5,59.5,,,
3,401860889,2026-09-19T16:00:00Z,North Texas Mean Green,Texas State Bobcats,9,-2.5,2.5,63.5,-3,3,63,-2.5,2.5,63.5,-3.0,3.0,63.5,-2.5,2.5,63.5,-3.0,3.0,63.5,-2.5,2.5,63.5,-2.5,2.5,63.5,-2.5,2.5,63.5,-3.0,3.0,63.5,-2.5,2.5,63.0
3,401858460,2026-09-19T16:30:00Z,Eastern Michigan Eagles,Wisconsin Badgers,9,-24.5,24.5,46.0,-24.5,24.5,46,-24.0,24.0,45.5,-24.5,24.5,46.0,-24.0,24.0,46.0,-24.5,24.5,46.0,-23.5,23.5,46.0,-24.5,24.5,45.5,-23.5,23.5,45.5,-24.5,24.5,46.0,-24.5,24.5,46.0
3,401856695,2026-09-19T16:45:00Z,NC State Wolfpack,Vanderbilt Commodores,9,-4.5,4.5,52.5,-4,4,52.5,-4.0,4.0,52.5,-4.5,4.5,53.0,-4.5,4.5,53.0,-4.5,4.5,52.5,-3.5,3.5,52.5,-4.0,4.0,52.5,-4.5,4.5,52.5,-4.5,4.5,53.0,-4.0,4.0,52.5
3,401864508,2026-09-19T17:00:00Z,Wyoming Cowboys,Central Michigan Chippewas,9,-1.5,1.5,39.5,-1,1,39,-1.5,1.5,39.5,-1.5,1.5,40.0,-1.5,1.5,38.5,-1.5,1.5,40.0,-1.5,1.5,39.5,-1.5,1.5,39.5,-1.5,1.5,39.5,-1.5,1.5,40.0,-1.5,1.5,39.5
3,401862774,2026-09-19T19:00:00Z,Temple Owls,Toledo Rockets,9,-5.5,5.5,51.5,-4,4,51.5,-5.5,5.5,51.5,-5.5,5.5,51.0,-5.5,5.5,51.5,-5.5,5.5,51.0,-6.0,6.0,51.0,-5.5,5.5,51.5,-5.5,5.5,51.5,-5.5,5.5,51.0,-5.5,5.5,51.5
3,401856685,2026-09-19T19:30:00Z,Florida State Seminoles,Alabama Crimson Tide,9,-20.5,20.5,49.5,-20,20,51,-20.5,20.5,49.5,-20.5,20.5,49.5,-20.5,20.5,49.5,-20.5,20.5,49.0,-20.5,20.5,49.0,-20.5,20.5,49.5,-20.5,20.5,49.5,-20.5,20.5,49.5,-20.5,20.5,49.5
3,401856797,2026-09-19T19:30:00Z,Miami (OH) RedHawks,Cincinnati Bearcats,9,-14.5,14.5,51.0,-14,14,48.5,-14.5,14.5,50.5,-14.5,14.5,51.0,-14.5,14.5,50.5,-14.5,14.5,51.0,-14.5,14.5,51.0,-14.5,14.5,50.5,-14.5,14.5,51.5,-14.5,14.5,51.0,-14.5,14.5,51.0
3,401856694,2026-09-19T19:30:00Z,Kentucky Wildcats,Texas A&M Aggies,9,-17.0,17.0,49.5,-15,15,48,-17.0,17.0,49.5,-17.0,17.0,49.5,-16.5,16.5,49.0,-17.0,17.0,49.5,-17.0,17.0,49.5,-16.5,16.5,49.5,-16.5,16.5,48.5,-17.0,17.0,49.5,-17.0,17.0,49.5
3,401858230,2026-09-19T19:30:00Z,SMU Mustangs,Louisville Cardinals,9,-1.5,1.5,59.5,-2,2,61,-2.0,2.0,59.5,-1.5,1.5,59.5,-2.0,2.0,60.0,-2.0,2.0,59.5,-1.0,1.0,59.5,-1.5,1.5,59.5,-2.5,2.5,59.5,-1.5,1.5,59.5,-1.5,1.5,60.0
3,401858450,2026-09-19T19:30:00Z,UTEP Miners,Michigan Wolverines,8,-35.5,35.5,48.5,-37,37,49,-35.5,35.5,48.5,-35.5,35.5,48.0,-35.5,35.5,49.0,-35.5,35.5,48.0,-35.0,35.0,48.5,-35.5,35.5,48.5,-35.5,35.5,49.5,-35.5,35.5,48.0,,,
3,401858457,2026-09-19T19:30:00Z,USC Trojans,Rutgers Scarlet Knights,9,24.5,-24.5,59.5,24,-24,55.5,25.0,-25.0,59.5,24.5,-24.5,59.5,24.5,-24.5,57.5,24.5,-24.5,59.5,24.5,-24.5,59.5,24.5,-24.5,59.5,24.5,-24.5,58.5,24.5,-24.5,59.5,25.0,-25.0,59.5
3,401856801,2026-09-19T19:30:00Z,Utah State Aggies,Utah Utes,8,-28.5,28.5,56.75,-28,28,57,-28.0,28.0,56.5,-28.5,28.5,57.0,-28.5,28.5,56.5,-28.0,28.0,57.0,-28.0,28.0,57.0,-28.5,28.5,56.5,-28.5,28.5,56.5,,,,-28.5,28.5,57.0
3,401866422,2026-09-19T20:00:00Z,Ball State Cardinals,Liberty Flames,9,-14.5,14.5,50.5,-14,14,54,-14.5,14.5,50.5,-14.5,14.5,50.0,-14.5,14.5,50.5,-14.5,14.5,49.0,-14.0,14.0,50.5,-14.0,14.0,50.5,-14.5,14.5,50.5,-14.5,14.5,50.0,-14.5,14.5,50.5
3,401867804,2026-09-19T20:00:00Z,Louisiana Tech Bulldogs,Baylor Bears,9,-17.5,17.5,53.5,-18,18,55,-17.5,17.5,53.5,-18.0,18.0,53.5,-17.5,17.5,54.5,-18.0,18.0,53.5,-17.0,17.0,54.0,-17.5,17.5,53.5,-17.5,17.5,54.5,-18.0,18.0,53.5,-18.0,18.0,54.0
3,401858231,2026-09-19T20:00:00Z,Stanford Cardinal,Duke Blue Devils,9,-9.5,9.5,51.5,-10.5,10.5,50.5,-9.5,9.5,51.5,-9.5,9.5,51.5,-9.5,9.5,50.5,-9.5,9.5,51.5,-9.5,9.5,51.0,-9.5,9.5,51.5,-9.5,9.5,51.5,-9.5,9.5,51.5,-9.5,9.5,51.0
3,401858449,2026-09-19T20:00:00Z,Western Kentucky Hilltoppers,Indiana Hoosiers,7,-44.0,44.0,59.5,-44,44,59,,,,-44.0,44.0,59.5,-44.5,44.5,59.5,-44.0,44.0,59.5,-44.0,44.0,59.5,-44.5,44.5,60.5,-44.5,44.5,61.5,-44.0,44.0,59.5,,,
3,401856691,2026-09-19T20:15:00Z,Mississippi State Bulldogs,South Carolina Gamecocks,9,-3.5,3.5,58.5,-3,3,59,-3.5,3.5,58.5,-3.5,3.5,58.5,-3.5,3.5,58.0,-3.5,3.5,58.5,-3.5,3.5,58.5,-3.5,3.5,58.5,-3.5,3.5,58.5,-3.5,3.5,58.5,-3.5,3.5,58.5
3,401864574,2026-09-19T22:00:00Z,Charlotte 49ers,Appalachian State Mountaineers,9,-19.5,19.5,51.5,-21,21,54,-19.0,19.0,51.5,-18.5,18.5,51.5,-19.5,19.5,51.0,-18.5,18.5,51.5,-19.5,19.5,51.5,-19.5,19.5,51.5,-19.5,19.5,51.5,-18.5,18.5,51.5,-19.5,19.5,51.5
3,401862710,2026-09-19T22:00:00Z,East Carolina Pirates,Old Dominion Monarchs,9,-2.5,2.5,49.5,-1.5,1.5,49,-3.0,3.0,49.5,-2.5,2.5,49.5,-2.5,2.5,48.5,-3.0,3.0,49.5,-3.0,3.0,49.5,-2.5,2.5,49.5,-2.5,2.5,48.5,-2.5,2.5,49.5,-2.5,2.5,49.5
3,401862771,2026-09-19T22:00:00Z,Florida International Panthers,Florida Atlantic Owls,9,-6.5,6.5,62.5,-7,7,61.5,-6.5,6.5,62.5,-6.5,6.5,62.5,-7.0,7.0,62.5,-6.5,6.5,62.5,-6.5,6.5,62.5,-6.5,6.5,62.5,-6.5,6.5,62.5,-6.5,6.5,62.5,-7.0,7.0,62.5
3,401871047,2026-09-19T22:30:00Z,Marshall Thundering Herd,Missouri State Bears,9,3.5,-3.5,51.5,4,-4,52.5,3.5,-3.5,51.5,3.5,-3.5,51.5,4.0,-4.0,51.5,3.5,-3.5,51.5,3.5,-3.5,52.0,3.5,-3.5,51.5,4.5,-4.5,51.5,3.5,-3.5,51.5,4.0,-4.0,52.0
3,401856687,2026-09-19T23:00:00Z,Florida Gators,Auburn Tigers,9,2.5,-2.5,52.5,1.5,-1.5,53.5,2.5,-2.5,53.5,2.5,-2.5,52.5,2.5,-2.5,53.5,2.5,-2.5,52.5,2.5,-2.5,53.0,2.5,-2.5,52.5,2.5,-2.5,52.5,2.5,-2.5,52.5,2.5,-2.5,53.5
3,401869948,2026-09-19T23:00:00Z,Georgia Southern Eagles,Jacksonville State Gamecocks,9,-3.5,3.5,52.5,-4,4,52,-4.0,4.0,52.5,-4.0,4.0,52.5,-3.5,3.5,53.5,-4.0,4.0,52.5,-3.5,3.5,52.5,-3.5,3.5,53.5,-3.5,3.5,53.5,-4.0,4.0,52.5,-3.5,3.5,53.0
3,401856800,2026-09-19T23:00:00Z,Georgia State Panthers,UCF Knights,9,-20.5,20.5,51.5,-20,20,50,-20.0,20.0,51.5,-20.0,20.0,51.0,-20.5,20.5,51.5,-20.0,20.0,51.0,-20.5,20.5,52.0,-20.5,20.5,51.5,-20.5,20.5,51.5,-20.0,20.0,51.0,-20.5,20.5,51.0
3,401864443,2026-09-19T23:00:00Z,Nevada Wolf Pack,Middle Tennessee Blue Raiders,9,5.5,-5.5,51.5,6,-6,49,6.0,-6.0,51.5,5.5,-5.5,51.5,6.5,-6.5,50.5,5.5,-5.5,51.5,5.5,-5.5,51.0,5.5,-5.5,51.5,6.5,-6.5,51.5,5.5,-5.5,51.5,5.5,-5.5,51.0
3,401856689,2026-09-19T23:00:00Z,Troy Trojans,Missouri Tigers,9,-27.0,27.0,49.5,-27,27,51,-27.0,27.0,49.5,-27.0,27.0,50.0,-27.5,27.5,50.5,-27.0,27.0,49.0,-27.0,27.0,49.5,-27.5,27.5,49.5,-27.5,27.5,50.5,-27.0,27.0,50.0,-27.0,27.0,49.5
3,401866423,2026-09-19T23:00:00Z,Ohio Bobcats,South Alabama Jaguars,9,-4.5,4.5,52.5,-3,3,53,-4.5,4.5,52.5,-4.0,4.0,52.5,-4.5,4.5,53.5,-4.0,4.0,52.5,-4.0,4.0,52.5,-4.5,4.5,52.5,-4.5,4.5,53.5,-4.0,4.0,52.5,-4.5,4.5,53.0
3,401862773,2026-09-19T23:00:00Z,Western Michigan Broncos,Rice Owls,9,11.0,-11.0,43.5,11,-11,45.5,11.0,-11.0,43.5,11.0,-11.0,43.5,11.5,-11.5,44.5,11.0,-11.0,43.5,10.5,-10.5,44.0,10.5,-10.5,43.5,10.5,-10.5,44.5,11.0,-11.0,43.5,11.0,-11.0,43.5
3,401861963,2026-09-19T23:00:00Z,UConn Huskies,Southern Mississippi Golden Eagles,9,3.5,-3.5,54.0,3,-3,54,3.5,-3.5,54.5,3.5,-3.5,54.0,3.5,-3.5,54.5,3.5,-3.5,54.0,3.5,-3.5,54.0,3.5,-3.5,55.5,3.5,-3.5,54.5,3.5,-3.5,54.0,3.5,-3.5,54.0
3,401856795,2026-09-19T23:30:00Z,BYU Cougars,Colorado State Rams,9,18.0,-18.0,52.5,21,-21,52,17.5,-17.5,52.5,18.0,-18.0,52.5,19.5,-19.5,52.5,18.0,-18.0,52.5,17.5,-17.5,52.0,17.5,-17.5,52.5,17.5,-17.5,52.5,18.0,-18.0,52.5,18.0,-18.0,52.0
3,401856796,2026-09-19T23:30:00Z,Colorado Buffaloes,Northwestern Wildcats,9,-4.0,4.0,48.5,-3,3,47.5,-4.0,4.0,48.5,-4.5,4.5,48.0,-3.5,3.5,48.0,-4.5,4.5,48.0,-4.5,4.5,48.5,-4.0,4.0,48.5,-3.5,3.5,48.5,-4.5,4.5,48.0,-4.0,4.0,48.5
3,401856688,2026-09-19T23:30:00Z,LSU Tigers,Ole Miss Rebels,7,3.0,-3.0,58.5,3,-3,59,3.0,-3.0,58.5,3.0,-3.0,58.5,3.0,-3.0,58.5,3.0,-3.0,58.5,3.0,-3.0,58.5,3.0,-3.0,58.5,3.5,-3.5,58.5,,,,,,
3,401858232,2026-09-19T23:30:00Z,Virginia Tech Hokies,Maryland Terrapins,9,3.0,-3.0,53.5,3,-3,53,3.0,-3.0,53.5,3.0,-3.0,54.0,3.5,-3.5,52.5,3.0,-3.0,54.0,3.0,-3.0,53.5,3.0,-3.0,53.5,2.5,-2.5,54.5,3.0,-3.0,54.0,3.0,-3.0,53.5
3,401858453,2026-09-19T23:30:00Z,Michigan State Spartans,Notre Dame Fighting Irish,9,-29.5,29.5,52.5,-31,31,52,-29.0,29.0,52.5,-28.5,28.5,51.5,-29.5,29.5,52.5,-28.5,28.5,51.5,-30.0,30.0,52.0,-29.5,29.5,52.5,-29.5,29.5,52.5,-28.5,28.5,51.5,-30.0,30.0,52.5
3,401856690,2026-09-19T23:30:00Z,New Mexico Lobos,Oklahoma Sooners,9,-22.5,22.5,47.5,-23.5,23.5,48,-22.5,22.5,47.5,-21.5,21.5,47.0,-23.5,23.5,48.5,-21.5,21.5,47.0,-23.5,23.5,48.0,-22.5,22.5,47.5,-22.5,22.5,48.5,-21.5,21.5,47.0,-23.0,23.0,48.0
3,401856802,2026-09-19T23:30:00Z,West Virginia Mountaineers,Virginia Cavaliers,9,-10.0,10.0,54.5,-8,8,54.5,-10.0,10.0,54.5,-10.0,10.0,54.5,-10.0,10.0,54.5,-10.0,10.0,54.5,-10.0,10.0,54.5,-10.0,10.0,54.5,-9.5,9.5,54.5,-10.0,10.0,54.5,-10.0,10.0,54.5
3,401856692,2026-09-19T23:45:00Z,Kennesaw State Owls,Tennessee Volunteers,8,-35.25,35.25,60.0,-35.5,35.5,59,-34.5,34.5,59.5,-35.0,35.0,60.0,-35.5,35.5,59.5,-35.0,35.0,60.0,-35.5,35.5,60.0,-35.5,35.5,60.5,-35.5,35.5,60.5,-35.0,35.0,60.0,,,
3,401856799,2026-09-20T00:00:00Z,Arkansas State Red Wolves,TCU Horned Frogs,9,-20.5,20.5,57.5,-20,20,56,-20.5,20.5,57.5,-20.5,20.5,57.0,-20.5,20.5,57.5,-20.5,20.5,57.0,-20.0,20.0,57.5,-20.5,20.5,57.5,-20.5,20.5,57.5,-20.5,20.5,57.0,-20.5,20.5,57.5
3,401862776,2026-09-20T00:00:00Z,UAB Blazers,Louisiana Ragin Cajuns,9,-7.5,7.5,56.5,-8.5,8.5,57.5,-7.5,7.5,56.5,-7.5,7.5,57.0,-8.5,8.5,56.5,-7.5,7.5,57.0,-7.5,7.5,56.5,-7.5,7.5,56.5,-7.5,7.5,56.5,-7.5,7.5,57.0,-8.0,8.0,56.5
3,401856693,2026-09-20T00:00:00Z,UTSA Roadrunners,Texas Longhorns,9,-30.0,30.0,58.0,-30,30,58,-30.0,30.0,58.5,-30.0,30.0,58.0,-30.5,30.5,57.5,-30.0,30.0,58.0,-30.0,30.0,58.0,-29.5,29.5,58.5,-30.5,30.5,58.5,-30.0,30.0,58.0,-30.0,30.0,58.0
3,401860887,2026-09-20T02:00:00Z,James Madison Dukes,San Diego State Aztecs,9,-2.0,2.0,46.5,0,0,47,-2.0,2.0,46.5,-2.0,2.0,46.5,-2.0,2.0,46.5,-2.0,2.0,46.5,-2.5,2.5,46.5,-2.5,2.5,46.5,-1.5,1.5,46.5,-2.0,2.0,46.5,-2.0,2.0,46.5
3,401856793,2026-09-20T02:30:00Z,Northern Illinois Huskies,Arizona Wildcats,8,-34.5,34.5,50.0,-35,35,49.5,-34.5,34.5,49.5,-34.0,34.0,50.0,-34.5,34.5,50.5,-34.0,34.0,50.0,-34.5,34.5,50.0,-34.5,34.5,49.5,-34.5,34.5,50.5,-34.0,34.0,50.0,,,
3,401864507,2026-09-20T02:30:00Z,North Dakota State Bison,Sacramento State Hornets,9,28.0,-28.0,53.0,28,-28,53,28.0,-28.0,52.5,28.0,-28.0,52.0,27.5,-27.5,53.5,28.0,-28.0,52.0,28.0,-28.0,53.0,27.5,-27.5,53.5,27.5,-27.5,53.5,28.0,-28.0,52.0,28.0,-28.0,53.0
3,401860888,2026-09-20T03:00:00Z,Fresno State Bulldogs,San Jose State Spartans,9,7.0,-7.0,50.5,8.5,-8.5,51.5,7.0,-7.0,50.5,7.0,-7.0,51.0,6.5,-6.5,51.0,7.0,-7.0,51.0,6.5,-6.5,50.5,7.0,-7.0,50.5,6.5,-6.5,50.5,7.0,-7.0,51.0,7.0,-7.0,50.5
3,401858458,2026-09-20T03:00:00Z,Purdue Boilermakers,UCLA Bruins,9,-14.5,14.5,52.5,-14,14,52.5,-14.5,14.5,52.5,-16.0,16.0,53.0,-14.5,14.5,52.5,-16.0,16.0,53.0,-14.0,14.0,53.0,-14.5,14.5,52.5,-14.5,14.5,52.5,-16.0,16.0,53.0,-15.0,15.0,52.5
